top5_ret,top10_ret,top20_ret
0.013773691245479761,0.012247123982366478,0.011814585102563715
